"","sex","height","age"
"1","male",150.77,13.25
"2","female",170.59,14.17
"3","female",167.31,15.17
"4","female",165.72,16.58
"5","female",171.67,15.17
"6","female",143.74,12.67
"7","female",157.93,12.75
"8","male",157.73,17.17
"9","female",168.72,16.67
"10","male",142.01,12.17
"11","female",152.83,10.83
"12","female",166.48,15
"13","female",166.08,18
"14","male",166.45,15.92
"15","female",148.56,12.08
"16","male",142.7,12.42
"17","male",143.99,12.83
"18","male",159.13,18.92
"19","female",145.74,10.42
"20","female",160.1,13
"21","male",168.42,15
"22","male",167.33,16.08
"23","male",164.14,18.5
"24","male",142.19,11.17
"25","male",183.2,15.08
"26","female",151.02,14.75
"27","male",140.86,11.08
"28","male",160.69,13.83
"29","female",164.8,15.08
"30","female",166.83,15.67
"31","female",140.94,10.08
"32","male",173.82,16.67
"33","female",145.08,9.92
"34","male",152.87,12.25
"35","female",161.36,13.92
"36","female",161.2,15
"37","female",160.9,16.5
"38","male",156.98,12.67
"39","female",163.89,17.67
"40","female",174.85,17.58
"41","female",156.39,12.75
"42","female",164.7,15.17
"43","male",157.27,17.58
"44","female",162.16,14.75
"45","male",131.13,10.83
"46","female",160.14,17.83
"47","male",150.41,13.75
"48","male",154.05,12.92
"49","male",163.15,14.58
"50","male",161.35,14.25
"51","female",167.64,14.17
"52","female",132.46,9.42
"53","male",122.6,9
"54","male",143.8,9
"55","male",126.39,8.92
"56","male",138.24,9.17
"57","male",141.7,11.17
"58","male",151.03,12.08
"59","female",165.82,15.67
"60","female",168.98,15
"61","female",163.77,15.5
"62","female",129.27,7.17
"63","male",134.81,13.17
"64","female",131.39,7.92
"65","female",155.76,12.67
"66","female",161.77,16
"67","female",158.2,15.42
"68","female",163.47,15.75
"69","female",132.63,9.83
"70","male",123.02,8.75
"71","female",173.24,16.08
"72","male",170.08,15.42
"73","male",166.33,15.5
"74","female",169.72,13.92
"75","male",175.13,16.92
"76","female",168.13,13.75
"77","female",165.21,15.58
"78","female",168.12,18.75
"79","female",170.87,14.17
"80","male",164.06,15.33
"81","male",161.04,16.42
"82","female",143.51,10.5
"83","male",135.92,10
"84","male",143.79,10.92
"85","male",128.82,8.83
"86","female",161.65,15.17
"87","female",159.29,14.92
"88","male",168.02,16.58
"89","female",162.76,14.75
"90","male",129.56,9.67
"91","female",167.09,18.5
"92","female",155.41,12.92
"93","female",159,13.67
"94","female",170.43,16.83
"95","female",126.24,8.67
"96","male",174.96,18.17
"97","male",176.95,17.08
"98","male",170.07,15.83
"99","female",168.6,15.75
"100","male",171.89,14.92
"101","female",154.42,11.42
"102","male",149.84,13
"103","male",136.42,12.75
"104","female",147.63,9.25
"105","female",140.44,8.92
"106","male",147.03,14
"107","female",157,16
"108","male",181.5,17.75
"109","female",164.98,16.25
"110","male",147.24,13.92
"111","female",143.25,10.75
"112","female",171.89,15.5
"113","male",147.85,13.75
"114","male",141.22,10.33
"115","female",138.07,11.5
"116","female",160.24,14.08
"117","male",164.33,15.33
"118","female",174.23,15.92
"119","female",164.84,16.25
"120","male",138.56,10.75
"121","female",139.69,9.83
"122","male",159.82,13.83
"123","female",124.38,6.75
"124","male",142.65,10.42
"125","male",129.31,8.08
"126","male",140.88,11
"127","male",121.72,6.67
"128","male",174.49,15.83
"129","male",113.66,7.33
"130","male",122.61,7.42
"131","male",138.72,10.67
"132","male",171.32,18
"133","female",153.23,13.42
"134","male",147.26,11.92
"135","male",143.83,12.5
"136","male",170.67,14.83
"137","male",168.17,15.83
"138","female",154.94,15.42
"139","female",149.18,12.5
"140","female",161.61,12.67
"141","male",166.09,16
"142","female",132.99,7.25
"143","male",162.95,15.33
"144","male",164.6,14.25
"145","male",138.48,10.67
"146","male",140.14,10
"147","male",136.39,8.92
"148","female",156.64,16.5
"149","female",159.21,14.25
"150","male",181.23,17
"151","male",152.42,12.25
"152","male",162.67,14.58
"153","male",146.03,11.5
"154","female",164.76,18.42
"155","male",140.65,10.83
"156","female",127.4,7.58
"157","male",133.43,8.17
"158","male",128.84,10
"159","female",148.18,9.83
"160","female",144.18,9.42
"161","male",145.11,12.83
"162","male",160.87,12.75
"163","male",159.21,16.58
"164","female",161,17.17
"165","male",136.46,11.42
"166","male",134.94,11.17
"167","male",148.9,10.83
"168","male",137.01,11.67
"169","male",125.17,8.67
"170","female",150.38,11.25
"171","female",162.8,16.08
"172","female",171.64,17.83
"173","female",155.34,15
"174","male",169.62,15
"175","male",125.71,10.58
"176","female",168.71,14.83
"177","female",165.55,14.92
"178","female",143.2,9.58
"179","male",172.4,16.17
"180","male",169.56,14.83
"181","male",150.35,11.75
"182","female",122.16,8.67
"183","male",177.77,18.58
"184","male",159.17,14.58
"185","male",168.7,15.67
"186","female",170.89,15
"187","male",131.4,10
"188","female",161.97,14.83
"189","female",166.91,15.83
"190","female",136.82,10.08
"191","female",153.67,15.08
"192","female",143.49,10.67
"193","female",167.76,16.92
"194","female",144.63,10.17
"195","male",162.76,14.58
"196","male",132.86,10.67
"197","male",165.41,15.42
"198","male",141.11,8.92
"199","male",167.41,14.67
"200","female",127.72,7.67
"201","male",166.56,16.42
"202","female",154.55,12.33
"203","male",150.46,10.5
"204","female",160.05,17.67
"205","female",159.69,15.33
"206","male",168.86,15.08
"207","male",152.73,11.42
"208","female",158.02,16.83
"209","female",159.23,17
"210","female",151.15,10.33
"211","female",167.96,17
"212","female",150.69,12.58
"213","male",136.59,8.67
"214","male",174.08,15
"215","female",146.86,10.17
"216","female",147.49,10
"217","male",176.45,16.92
"218","male",181.73,15.17
"219","female",159.78,18.33
"220","male",140.04,13.42
"221","female",168.06,15.92
"222","female",157.32,14.67
"223","female",159.55,11.75
"224","female",161,13.08
"225","female",165.52,13.75
"226","male",158.37,13.83
"227","male",163.8,18.08
"228","female",162.08,16.67
"229","male",175.06,16.5
"230","female",127.1,7
"231","male",132.89,9.58
"232","female",165.89,14.5
"233","male",131.54,12.08
"234","female",140.93,9.83
"235","female",135.4,9.17
"236","male",165.89,14.92
"237","female",130.23,9.83
"238","female",161.46,16.08
"239","female",162.35,16.17
"240","female",152.93,15.92
"241","male",169.27,16.17
"242","male",157.47,14
"243","female",167.82,16.83
"244","male",150.9,11.67
"245","female",165.66,16.08
"246","male",146.64,10.67
"247","male",157.57,14.58
"248","female",133.8,9.25
"249","male",184.82,16.67
"250","female",172.74,13.33
"251","male",155.21,15.83
"252","female",161.95,14
"253","male",167.09,16.5
"254","male",137.75,11.5
"255","female",146.27,12.92
"256","female",163.94,15
"257","female",157.35,12.83
"258","male",157.65,13.42
"259","male",118.59,8.83
"260","male",174.71,18.25
"261","female",145.47,12.75
"262","male",122.88,8.42
"263","male",113.85,8.33
"264","male",132.95,9.58
"265","female",159.74,13.33
"266","male",167.88,14.92
"267","male",164.68,16.42
"268","male",175.36,17
"269","female",158.48,12.92
"270","male",122.2,7.25
"271","male",114.83,7.08
"272","male",144.45,11
"273","female",165.12,16
"274","female",158.74,15.08
"275","male",166.39,17.08
"276","male",138.38,9.83
"277","female",155.27,14.92
"278","female",163.35,13.75
"279","male",143.95,12.08
"280","female",156.1,12.75
"281","female",155.83,15.67
"282","female",160.8,13.5
"283","female",129.63,9.25
"284","male",153.98,16.17
"285","male",127.32,8.92
"286","male",165.98,15.08
"287","female",155.9,11.92
"288","male",161.29,13.67
"289","female",165.84,17
"290","male",129.33,8
"291","male",143.37,10.5
"292","male",134.42,11.08
"293","male",162.07,13.92
"294","female",141.42,9.58
"295","female",169.71,15.42
"296","female",159.47,12.83
"297","male",124.52,9.42
"298","male",134.12,10
"299","male",143.05,11.25
"300","female",158.07,17.17
"301","female",117.68,6.58
"302","female",178.79,16.17
"303","female",152.87,13
"304","male",132.7,10.83
"305","female",157.51,17.67
"306","female",151.03,12.08
"307","male",163.47,14
"308","male",121.54,6
"309","female",162.09,14.75
"310","female",135.44,9.08
"311","female",136.02,11.42
"312","male",171.75,14.92
"313","female",134.24,9.58
"314","male",137.78,9.92
"315","male",170.72,15.25
"316","male",166.29,16.67
"317","male",141.31,9.92
"318","female",158.39,17.83
"319","female",144.82,11.58
"320","female",156.82,13.17
"321","male",149.18,11.33
"322","female",180.76,14.92
"323","male",143.15,12.33
"324","female",154.81,15.83
"325","female",163.45,16.92
"326","female",165.05,15.5
"327","male",171.51,16.75
"328","male",145.37,13.42
"329","female",133.43,9.25
"330","male",153.95,15.58
"331","female",164.48,17.33
"332","female",150.95,11.17
"333","male",132.8,10.42
"334","male",157.03,16.75
"335","male",144.48,11.67
"336","female",133.22,9.75
"337","female",143.27,9.08
"338","female",164.81,13.42
"339","female",160.08,13.75
"340","female",159.59,18.75
"341","male",149.84,9.92
"342","male",165.67,16.17
"343","female",157.34,11.08
"344","female",135.65,8.67
"345","female",160.71,12.25
"346","female",166.61,17.58
"347","male",164.77,16
"348","male",145.71,12
"349","male",175.21,14.67
"350","male",169.58,18.42
"351","male",165.75,16.42
"352","male",162.31,18.75
"353","female",165.72,14.75
"354","female",135.67,10.5
"355","male",175.42,15.75
"356","male",157.77,13.75
"357","female",121.75,8.58
"358","male",175.66,16.25
"359","male",150.5,13.75
"360","female",155.33,12.58
"361","male",154.71,11.83
"362","male",151.73,12.67
"363","female",161.66,12.92
"364","male",118.24,7.25
"365","female",162.12,15.08
"366","male",146.97,14
"367","female",161.11,17.67
"368","male",146.45,9.83
"369","male",132.61,7.08
"370","male",121.93,8.25
"371","female",146.44,11.33
"372","female",152,16.33
"373","male",168.7,15.08
"374","female",156.53,13.58
"375","female",164.5,15.58
"376","male",167.32,14.42
"377","male",175.36,18.58
"378","female",154.35,13.58
"379","male",117.97,7.67
"380","male",169.94,16.25
"381","female",161,17.42
"382","female",156.89,14.58
"383","male",154.39,14.42
"384","male",160.06,14.33
"385","female",155.01,10.25
"386","female",157.5,14
"387","male",148.76,13.67
"388","male",178.48,18.58
"389","female",157.25,11.5
"390","male",165.84,13.92
"391","male",138.21,12.33
"392","female",150.01,15
"393","female",170.05,18.92
"394","female",139.35,9
"395","male",148.29,11.08
"396","male",158.4,15.08
"397","female",163.05,15.75
"398","female",155.51,12.33
"399","female",172.76,17.33
"400","female",161.09,13.92
"401","female",127.01,8.5
"402","female",149.3,12.5
"403","male",163.32,17.08
"404","female",153.33,12.17
"405","male",145.23,12
"406","male",146.98,12.58
"407","female",160.91,16.75
"408","male",175.56,15.75
"409","male",163.02,15
"410","female",165.97,15
"411","male",116.86,6.42
"412","male",171.81,16.75
"413","male",143.29,10
"414","male",147.29,13.08
"415","female",155.81,16.5
"416","male",134.7,11.33
"417","female",160.31,15.75
"418","female",155.94,16.33
"419","female",177.73,15
"420","male",140.82,12.25
"421","female",155.67,9.92
"422","female",119.77,6.92
"423","female",152.34,12.33
"424","male",156.87,15.08
"425","male",139.87,12.08
"426","female",139.86,9.25
"427","male",124.83,9.25
"428","female",141.03,10.33
"429","female",147.59,11.25
"430","female",136.26,7.08
"431","female",122.61,6.08
"432","male",170.82,15.75
"433","female",169.47,18.75
"434","male",178.13,16.67
"435","female",165.18,15.92
"436","female",159.37,12.67
"437","female",156.16,11.83
"438","female",165.57,17
"439","female",154.18,18.25
"440","male",147.76,13.25
"441","male",148.58,12.25
"442","female",167.49,14.75
"443","female",156.4,16
"444","female",163.62,15.92
"445","male",178.23,17.42
"446","female",140.79,9.08
"447","female",167.82,15.58
"448","female",151.26,17
"449","female",164.05,16.5
"450","male",169.88,17.33
"451","female",161.35,16.67
"452","male",163.57,14.67
"453","female",150.17,12.5
"454","male",147.87,11.67
"455","male",143.88,10.92
"456","male",168.67,15.17
"457","female",147.43,10
"458","male",175.35,15.5
"459","female",156.56,14.67
"460","male",167.51,16.67
"461","male",163.99,15.42
"462","female",172.28,17.42
"463","female",157.17,12.58
"464","male",170.3,15.75
"465","male",163.22,15.92
"466","male",181.11,14.67
"467","female",158.46,12.5
"468","female",160.59,14.5
"469","male",133.98,8.58
"470","male",154.74,14.5
"471","female",152.93,12.83
"472","female",159.64,15.08
"473","female",166.52,16.25
"474","female",156.6,16.83
"475","male",165.49,18.17
"476","female",167.11,13.58
"477","male",143.33,10.58
"478","male",154.53,15.17
"479","male",121.67,7.17
"480","female",147.02,11.08
"481","male",136.28,12.42
"482","male",123.47,9.33
"483","male",134.73,8.75
"484","female",155.62,12.17
"485","female",169.78,16.67
"486","male",171.5,15.75
"487","male",162.28,15.58
"488","female",141.16,11.5
"489","female",158.23,16.58
"490","male",160.17,14.92
"491","female",157.57,15.25
"492","male",141.3,12.75
"493","male",163.99,14.25
"494","female",152.72,12.67
"495","male",154.59,12.75
"496","female",157.42,16.67
"497","male",162.12,15.92
"498","male",174.29,17.17
"499","male",171.6,17.08
"500","male",174.13,16.75
"501","male",175.45,15.67
"502","male",144.81,11.75
"503","male",164.12,17.25
"504","male",145.43,12.83
"505","female",134.62,9.42
"506","female",155.94,11.42
"507","male",176.71,15.42
"508","female",153.6,12.83
"509","male",134.1,12.58
"510","male",142.44,9.17
"511","male",175.62,16.75
"512","male",168.74,18.83
"513","male",168.94,18.25
"514","male",166.26,14.58
"515","male",118.9,6.75
"516","male",155.31,12.75
"517","male",161.38,18.92
"518","male",140.21,10
"519","male",165.41,16.17
"520","male",174.32,16.08
"521","male",175.28,16.17
"522","male",139.34,9.42
"523","female",155.61,13.92
"524","female",163.42,15.83
"525","female",162.88,13.42
"526","male",180.41,14.83
"527","female",164.79,15.58
"528","male",168.02,18.5
"529","male",179.19,16.5
"530","male",147.15,12.17
"531","male",135.33,10.08
"532","female",160.31,16.33
"533","male",134.14,11
"534","male",165.67,15.92
"535","female",154.71,14.42
"536","male",151.38,11.42
"537","male",149.59,11.92
"538","male",155.76,14.42
"539","female",160.82,15.58
"540","male",175.89,17
"541","male",122.07,10.08
"542","male",174.2,16.25
"543","female",164.91,15.17
"544","male",129.88,9.17
"545","female",171.54,15.58
"546","female",159.75,13.75
"547","male",155.86,15
"548","female",137.24,9.83
"549","male",169.91,15.75
"550","female",170.95,15
"551","female",162.05,18
"552","male",163.6,17
"553","female",149.86,12.67
"554","male",168.57,17.08
"555","male",159.2,15.25
"556","male",179.92,15.58
"557","female",125.75,8.42
"558","male",178.82,16.08
"559","male",177.38,16.75
"560","male",137.2,8.5
"561","female",158.08,18.5
"562","male",149.04,16.17
"563","female",161.47,14.25
"564","female",161.74,15.67
"565","male",148.7,13.67
"566","female",154.56,16.5
"567","male",121.32,6
"568","female",174.53,16.25
"569","male",180.19,16
"570","female",166.38,15.83
"571","male",162.72,13.42
"572","female",159.85,13.92
"573","female",167.54,17.33
"574","female",156.77,17.33
"575","male",144.82,12.33
"576","male",173.65,16.33
"577","female",154.71,12.92
"578","male",151.87,12.08
"579","male",143.92,11.83
"580","female",156.46,11.25
"581","male",129.26,8.58
"582","male",155.47,14
"583","male",136.28,12.25
"584","male",168.42,16.42
"585","female",161.23,12.17
"586","male",117.77,9
"587","male",127.47,8.58
"588","male",163.93,15.17
"589","female",139.32,10.25
"590","male",162.86,13.92
"591","male",131.2,10.92
"592","male",163.67,17.33
"593","male",141.15,10.75
"594","female",161.01,14.75
"595","female",125.81,6.75
"596","male",175.17,17
"597","male",118.53,7.67
"598","female",166.78,15.58
"599","female",148.49,11.08
"600","female",153.52,18.25
"601","male",175.57,15.5
"602","male",146.91,10.92
"603","male",134.13,13.42
"604","male",133.15,10.17
"605","male",140.23,10.83
"606","female",159.45,14.83
"607","male",136.96,9.33
"608","male",155.54,12.83
"609","female",163.46,16.58
"610","male",167.44,15.42
"611","female",157.83,14.83
"612","male",168.4,14.75
"613","male",168.84,16.67
"614","female",160.92,16.08
"615","female",156.03,12.58
"616","female",147.77,12
"617","male",157.85,14.33
"618","female",148.5,14.08
"619","female",166.02,15.33
"620","female",162.65,16.58
"621","female",168.6,12.92
"622","female",140.92,11.5
"623","female",166.66,15
"624","female",155.74,11.58
"625","male",184.89,16.92
"626","female",124.38,9.17
"627","female",165.57,16.08
"628","female",115.44,6.08
"629","male",158.89,15.75
"630","female",155.36,15
"631","male",160.57,14.5
"632","female",151.37,12.17
"633","male",151.54,11.75
"634","female",165.04,13.92
"635","female",164.8,17.58
"636","female",167.74,15.17
"637","female",159.01,15.08
"638","female",124.41,9.33
"639","male",147.74,12.58
"640","female",153.9,15.58
"641","male",176.01,18.42
"642","female",135.56,7.58
"643","male",126.14,9.33
"644","male",160.44,15.17
"645","female",162.04,13.58
"646","male",146.94,12.08
"647","male",174.43,17.42
"648","female",164.12,14.5
"649","female",161.65,16.08
"650","male",166.28,14.58
"651","female",150.73,11.5
"652","female",173.85,18.5
"653","female",162.74,14.67
"654","male",114.76,6.42
"655","male",146.08,11.42
"656","female",129.62,9.25
"657","male",126.36,10
"658","female",159.01,17
"659","male",143.19,14.5
"660","male",139.71,11.5
"661","male",160.75,13.33
"662","male",173.98,13.08
"663","female",155.67,12.25
"664","female",123.3,7.17
"665","male",167.95,15.33
"666","male",156.95,13.08
"667","female",171.74,16
"668","female",136.96,10.5
"669","female",161.84,13.08
"670","male",164.29,14.92
"671","female",128.14,6.83
"672","female",163.57,17.25
"673","male",147.99,10.67
"674","male",176.81,17.08
"675","male",165.96,15.67
"676","male",166.05,14.08
"677","female",157.65,12.92
"678","male",133.31,10.75
"679","female",121.78,8.25
"680","female",169.56,17.17
"681","male",126.54,11.42
"682","male",145.68,11.5
"683","male",177.69,15.08
"684","female",163.78,14.58
"685","male",172.71,16.42
"686","male",179.61,17.17
"687","female",134.37,9.75
"688","male",136.34,11.25
"689","male",177.97,15.92
"690","female",161.9,14.75
"691","male",173.29,18.67
"692","male",166.48,15.08
"693","male",168.14,13.33
"694","male",123.71,8.17
"695","male",126,9.17
"696","female",154.66,13.75
"697","male",154.09,13.42
"698","female",174.83,14.83
"699","male",148.51,11.92
"700","female",132.81,9.83
"701","male",140.12,11.33
"702","female",165.07,18.25
"703","male",148.17,11.83
"704","male",137.56,8.25
"705","female",127.32,8.25
"706","male",166.25,15.67
"707","female",127.92,7.33
"708","female",148.97,10.92
"709","female",154.69,15
"710","female",138.99,10.5
"711","female",145.2,11.83
"712","female",160.57,13.5
"713","female",154.38,12.75
"714","female",163.84,15.17
"715","female",153.06,15.75
"716","female",168.01,17.33
"717","male",145.4,12.75
"718","male",102.08,8.25
"719","male",181.54,18.08
"720","male",156.8,10.42
"721","female",132.66,6.83
"722","male",132.09,10.58
"723","female",166.86,15.92
"724","female",167.89,16.17
"725","male",166.8,18.33
"726","male",169.24,15.25
"727","female",163.96,18
"728","female",140.6,11.17
"729","female",157.01,16.58
"730","female",152.9,11
"731","female",154.87,12.92
"732","female",163.68,18.33
"733","female",159.85,13.83
"734","female",144.66,12.67
"735","female",170.29,15.42
"736","male",147.4,14.58
"737","male",133.76,9.83
"738","female",149.22,11.92
"739","female",150.04,12.5
"740","male",176.21,14.83
"741","male",169.85,16.17
"742","female",164.36,16.08
"743","male",180.89,17
"744","male",166.64,16
"745","female",167.11,17.17
"746","female",164.1,18.75
"747","female",158.17,15.17
"748","female",166.21,16.83
"749","female",143.42,10.92
"750","male",164.01,15.33
"751","male",158.24,13.33
"752","female",129.99,9.17
"753","female",163.26,18.17
"754","male",143.03,10.92
"755","female",143.49,8.17
"756","male",163.26,14.5
"757","female",138.51,11.33
"758","male",145.64,12.17
"759","female",165.97,14.67
"760","male",167.78,16.17
"761","female",149.6,9.92
"762","male",169.02,17.17
"763","female",165.58,16.42
"764","male",128.42,9.67
"765","male",147.95,12.17
"766","male",179.49,16.33
"767","male",138.89,12.75
"768","male",155.71,13.67
"769","male",173.59,14.75
"770","male",146.13,10.83
"771","male",131.15,9.42
"772","female",135.16,9.67
"773","female",167.96,15.33
"774","female",156.64,14.75
"775","male",174.31,15.75
"776","male",135.92,11.5
"777","female",147.42,13
"778","male",167.31,16.25
"779","female",155.45,14.5
"780","male",158.2,12.83
"781","female",156.3,15.75
"782","male",132.22,9.67
"783","female",158.18,12.5
"784","male",167.23,15
"785","male",160.32,18.17
"786","male",172.92,15.92
"787","male",152.13,12.58
"788","female",159.28,13.25
"789","male",165.02,14.75
"790","male",167.72,17.17
"791","male",164.38,15.17
"792","male",132.98,9.33
"793","female",151.2,13.33
"794","male",172.55,15.83
"795","male",168.31,16.42
"796","female",150.63,11.67
"797","female",145.72,11.08
"798","male",150.52,10.25
"799","male",116.88,6.92
"800","female",132.92,9.83
"801","female",169.25,15.33
"802","male",130.76,9.75
"803","female",153.62,14.42
"804","male",158.08,15.25
"805","female",146.8,11.08
"806","male",176.56,18.33
"807","female",136.66,10.42
"808","female",133.13,6.67
"809","female",152.28,12.17
"810","female",138.24,8.17
"811","female",171.15,15.08
"812","male",147.98,13
"813","female",139.38,9.58
"814","male",159.83,13.33
"815","female",157.56,16.58
"816","male",166.28,12.92
"817","male",140.14,11.92
"818","male",178.27,16.42
"819","male",149.5,9.67
"820","male",129.46,9.5
"821","female",162.73,18
"822","male",145.81,10.42
"823","female",159,17.5
"824","female",154.75,12.92
"825","male",164.07,13.75
"826","male",171.89,16.92
"827","male",156.03,14.83
"828","male",148.92,11.92
"829","male",150.03,15
"830","female",160.92,16.5
"831","male",164.86,14.75
"832","female",128.35,8.42
"833","male",153.46,13.33
"834","male",173.42,16.17
"835","female",156.34,12.33
"836","female",160.83,15
"837","male",179.51,14.75
"838","female",168.75,17
"839","female",134.06,6.83
"840","male",132.66,11.25
"841","female",154.58,17
"842","male",172.44,18.08
"843","female",148.61,10.5
"844","male",165.43,15.08
"845","female",160.43,12.5
"846","male",139.63,12.08
"847","female",171.94,14.67
"848","female",168.64,14.58
"849","male",134.82,10.75
"850","female",124.16,6.33
"851","female",161.31,18.42
"852","male",157.03,14.67
"853","male",129.58,9
"854","female",129.96,7.75
"855","female",153.57,12.67
"856","female",147.93,12.25
"857","female",153.41,15.08
"858","female",151.91,16.58
"859","male",171.95,16.75
"860","female",155.63,15.08
"861","male",154.3,12.58
"862","female",128.09,6.75
"863","female",150.15,14.83
"864","female",166.03,18.92
"865","male",140.29,10.08
"866","male",174.07,18.58
"867","female",162.65,14.83
"868","male",153.5,12.67
"869","female",163.16,16
"870","male",176.84,16
"871","male",174.2,16.08
"872","male",166.99,15.67
"873","male",142.73,10.25
"874","female",165.48,16.42
"875","female",150.8,11.58
"876","male",168.22,17.17
"877","male",129.23,10.25
"878","female",146.85,11.25
"879","female",137.34,10.17
"880","female",162.07,15
"881","female",157.43,15
"882","male",133,10.5
"883","female",120.65,7.67
"884","male",174.47,15.08
"885","female",159.59,18.42
"886","female",156.68,13.08
"887","female",136.65,10.33
"888","female",163.41,15.67
"889","male",119.17,7.25
"890","female",154.13,11.5
"891","female",130.89,7.08
"892","female",151.43,11.67
"893","female",153.14,15.92
"894","male",126.39,8.67
"895","male",159.18,14.17
"896","female",166.69,15.58
"897","male",173.13,15.75
"898","male",136.94,10.67
"899","male",151.43,10.17
"900","male",172.37,14.42
"901","female",164.04,15.42
"902","female",126.17,5.5
"903","female",155.4,11.92
"904","male",126.97,9.42
"905","male",118.49,6.67
"906","female",129.32,6.75
"907","female",160.37,15.08
"908","male",129.12,6.83
"909","male",160.24,16.75
"910","female",169.52,14.92
"911","female",152.7,14.92
"912","male",125.57,7.67
"913","male",169.01,16.42
"914","male",129.3,7.83
"915","female",116.78,6.75
"916","male",127.87,9.08
"917","male",173.87,14.83
"918","female",157.26,16.25
"919","male",165.71,18.17
"920","female",168.49,16.5
"921","male",164.04,17.17
"922","male",156.54,14.08
"923","female",156.05,13.42
"924","male",157.87,12.92
"925","female",164.29,14.67
"926","female",159.39,15.92
"927","female",174.8,16.67
"928","male",162.95,18.75
"929","male",133.4,10.08
"930","male",137.91,12.5
"931","male",172.54,16.08
"932","female",144.39,8.83
"933","female",165.06,14.75
"934","female",139.81,10.67
"935","female",150.53,12.25
"936","female",142.64,9.92
"937","male",178.39,15.08
"938","male",176.26,16.42
"939","male",123.38,9.83
"940","female",160.47,13.17
"941","male",174.61,16.67
"942","female",159.1,13.17
"943","female",138.3,9.67
"944","male",177.9,17.25
"945","female",159.31,16.92
"946","female",164.7,12.5
"947","female",149.93,10
"948","female",143.49,10.75
"949","female",150.06,15.08
"950","male",160.61,14.58
"951","female",164.87,18.33
"952","male",165.72,14.83
"953","male",137.57,10.42
"954","female",153.22,15.83
"955","male",169.57,14.42
"956","female",137.08,10.75
"957","male",176.71,15.17
"958","female",143.03,10.75
"959","female",157.13,17.25
"960","male",148.47,12.17
"961","male",140.66,9.83
"962","female",158.42,15.58
"963","female",168.89,14.08
"964","male",173.61,17.08
"965","female",163.63,18.75
"966","male",165.24,16.17
"967","male",137.01,12.5
"968","male",155.27,14
"969","female",167.1,16.67
"970","female",169.07,16.08
"971","female",166.73,15.75
"972","male",172.99,16.33
"973","male",156.05,13.42
"974","male",135.96,11
"975","female",159.72,13.08
"976","male",154.13,14.17
"977","male",136.28,11.67
"978","male",134.57,10.42
"979","female",154.74,12.75
"980","female",172.84,15.92
"981","female",148.78,11.83
"982","female",145.44,10.33
"983","male",155.86,12.58
"984","male",146.13,12.42
"985","female",146.2,10.83
"986","female",123.66,5.42
"987","male",129.5,10.42
"988","male",173.58,15.75
"989","female",146.9,9.92
"990","female",134.93,7
"991","female",137.33,9.17
"992","female",170.7,16.25
"993","female",116.92,6.42
"994","male",154.67,11.67
"995","female",171.49,15.92
"996","male",179.55,18.08
"997","female",131.56,10
"998","female",150.05,12.17
"999","female",137.66,10.33
"1000","male",153.5,12.75
"1001","female",169.21,14.75
"1002","female",152.9,17.33
"1003","female",157.08,12.17
"1004","female",139.33,10.17
"1005","female",161.53,16.25
"1006","female",153.22,12.25
"1007","male",175.66,16.5
"1008","female",131.44,9.58
"1009","female",160.31,15.58
"1010","male",137.98,11.75
"1011","female",163.2,15.75
"1012","male",148.15,10.92
"1013","female",156.63,17.83
"1014","female",143.71,10
"1015","male",160.02,12.33
"1016","male",151.16,11.83
"1017","male",176.62,16.5
"1018","female",140.58,9.42
"1019","female",131.75,7.58
"1020","male",145.96,12.5
"1021","female",175.26,16.08
"1022","female",130.24,6.92
"1023","male",136.41,11
"1024","female",167.73,13.83
"1025","female",148.45,11.33
"1026","male",167.36,13.92
"1027","female",120.05,6.58
"1028","male",147.14,12.75
"1029","female",159.53,17.92
"1030","male",162.84,14.5
"1031","female",167.4,13.25
"1032","female",165.92,14.75
"1033","female",159.58,14.25
"1034","female",152.12,12.17
"1035","female",162.48,12.67
"1036","female",127.98,8.42
"1037","female",136.76,8.17
"1038","male",164.7,17.42
"1039","female",151.39,12.25
"1040","female",145.07,10.83
"1041","male",155.93,13.25
"1042","male",119.95,5.83
"1043","female",159.64,12.92
"1044","male",166.62,14.42
"1045","female",136.28,8.42
"1046","male",169.82,17.33
"1047","male",141.34,11.17
"1048","male",127.41,7.33
"1049","male",149.98,12.67
"1050","male",165.71,17.33
"1051","female",158.51,14.75
"1052","male",163.38,15.83
"1053","male",177.76,17.58
"1054","male",172.92,18.08
"1055","male",143.85,10.5
"1056","female",165.04,18.5
"1057","female",150.38,10.42
"1058","male",163.38,14.67
"1059","female",168.42,17.5
"1060","female",134.57,8.92
"1061","female",165.29,17.67
"1062","female",127.72,7.5
"1063","female",173.96,14.42
"1064","female",168.87,13.42
"1065","female",163.4,15.17
"1066","female",148.55,16.75
"1067","female",165.45,17
"1068","female",168.4,15.83
"1069","male",160.02,15.83
"1070","male",160.68,17.25
"1071","female",162.59,17.92
"1072","male",150.84,13.67
"1073","female",159.4,12.33
"1074","male",152.91,13.67
"1075","female",122.78,7.33
"1076","male",158.32,14.33
"1077","female",159.65,14.92
"1078","male",162.84,15.92
"1079","female",180.12,16.58
"1080","female",164.05,14.42
"1081","female",169.38,17.83
"1082","female",164.68,14.83
"1083","female",162.99,16.42
"1084","female",142.96,9.75
"1085","female",155.01,14.67
"1086","male",166.71,16.75
"1087","female",129.45,8.5
"1088","male",151.06,15.92
"1089","female",139.15,10.17
"1090","female",134.3,9.58
"1091","female",169.28,16.33
"1092","female",137.6,10.17
"1093","male",142.25,10.75
"1094","female",123.35,7.92
"1095","male",130.06,8.58
"1096","male",139.61,13.75
"1097","female",138.3,9.08
"1098","female",165.34,13.75
"1099","female",158.18,12.5
"1100","female",167.07,13.83
"1101","male",160.19,16.08
"1102","male",159.76,15
"1103","female",140.22,9.75
"1104","female",141.5,10
"1105","female",163.82,15.33
"1106","male",131.33,9
"1107","female",169.28,13.75
"1108","male",169.97,17
"1109","female",155.32,14.67
"1110","female",162.9,16.5
"1111","male",157.97,14.25
"1112","female",159.22,15.08
"1113","male",147.03,12.08
"1114","female",159.85,14.08
"1115","female",161.31,15.92
"1116","male",139.4,10.83
"1117","male",162.83,15.75
"1118","male",165.3,13.75
"1119","male",132.33,9.33
"1120","male",162.16,15.83
"1121","female",156.55,16.83
"1122","female",160.54,15
"1123","male",149.94,11.5
"1124","male",176.3,17.08
"1125","female",157.58,12
"1126","male",144.23,12.33
"1127","male",168.53,14.83
"1128","female",160.33,14.83
"1129","male",155.1,12.58
"1130","male",153.82,12.17
"1131","male",165.32,15.92
"1132","female",119.77,6.5
"1133","female",157.06,15.17
"1134","female",165.89,14.92
"1135","male",128.11,9.67
"1136","female",144.42,9.75
"1137","male",172.81,17.33
"1138","male",176.24,15.25
"1139","male",178.27,16.5
"1140","female",127.1,6.75
"1141","male",147.08,12.83
"1142","male",151.36,12.75
"1143","female",171.45,15.42
"1144","male",156.62,14.67
"1145","female",155,14.75
"1146","female",156.36,13.75
"1147","female",134.79,10.33
"1148","female",160.44,14.67
"1149","male",161.95,14.5
"1150","male",155.11,15.83
"1151","male",145.89,11.75
"1152","female",164.67,17.08
"1153","male",174.54,16.5
"1154","male",166.92,16.5
"1155","female",136.67,10
"1156","male",174.66,17.25
"1157","female",172.01,15.25
"1158","male",117.31,8.33
"1159","male",161.85,16.75
"1160","male",127.03,9.67
"1161","male",169.6,18.92
"1162","female",157.03,17.08
"1163","female",163.59,16.5
"1164","female",162.79,17.92
"1165","female",157.05,14.92
"1166","female",163.29,15.17
"1167","male",168.76,17.75
"1168","female",160.89,17.92
"1169","male",131.86,10.33
"1170","male",132.54,9.92
"1171","female",148.15,11.17
"1172","male",148.09,11.92
"1173","male",143.15,10.83
"1174","female",170.48,17.75
"1175","male",179.83,17.5
"1176","male",123.72,11
"1177","male",144.93,9.92
"1178","male",164.19,17.08
"1179","female",155.26,14.92
"1180","female",144.65,16
"1181","female",139.43,9.75
"1182","male",174.2,15.42
"1183","female",155.61,12.33
"1184","female",127.22,8.17
"1185","male",167.38,16.5
"1186","male",168.12,16.33
"1187","female",154.18,15.67
"1188","male",173.08,15.67
"1189","male",150.87,12.58
"1190","male",117.6,6
"1191","female",149.54,12.5
"1192","female",159.25,14.83
"1193","female",158.24,15.08
"1194","male",150.43,12.58
"1195","male",163.2,16.83
"1196","female",162.56,17.17
"1197","female",154.78,10.83
"1198","female",166.81,14.75
"1199","female",159.33,14.58
"1200","female",155.01,11.17
"1201","female",151.75,16.58
"1202","female",126.55,7.08
"1203","male",168.74,14.25
"1204","male",140.38,11.17
"1205","female",161.7,13.67
"1206","male",157.34,18.58
"1207","female",125.28,8.83
"1208","male",167.74,14.92
"1209","female",146.48,12.17
"1210","female",168.34,15
"1211","male",113.33,5.83
"1212","female",170.53,18.17
"1213","female",161.11,14.5
"1214","male",141.02,12.92
"1215","male",137.58,11.83
"1216","male",164.01,14.42
"1217","male",176.44,16.5
"1218","female",150.02,10.83
"1219","male",138.18,10.33
"1220","male",165.16,15
"1221","female",158.5,17.25
"1222","female",161.93,15.83
"1223","female",138.28,13.67
"1224","male",165.35,13.67
"1225","male",172.32,14.17
"1226","male",168.78,15.58
"1227","male",137.92,9.75
"1228","male",139.65,12.83
"1229","male",159.83,15
"1230","female",160.6,14.75
"1231","male",155.47,16.25
"1232","female",158.85,17.58
"1233","male",124.96,8.75
"1234","male",175.13,16.25
"1235","male",160.71,16.17
"1236","male",148.41,12.42
"1237","male",174.64,13.42
"1238","female",155.67,16.67
"1239","female",167.59,18.17
"1240","female",154.48,13.92
"1241","male",158.16,13.67
"1242","male",120.03,8.08
"1243","female",167.4,16.67
"1244","male",169.63,15.83
"1245","female",162.29,15.67
"1246","male",154.34,13.83
"1247","male",162.03,15.33
"1248","female",147.72,11.25
"1249","male",163.2,16.08
"1250","male",161.83,14.92
"1251","female",158.72,16.42
"1252","male",177.45,17
"1253","female",140.47,10.17
"1254","male",160.09,13.42
"1255","male",167.37,14.17
"1256","male",140.15,12.33
"1257","male",180.32,16.75
"1258","female",137.2,8.5
"1259","male",138.44,9.17
"1260","male",151.38,12.67
"1261","male",153.58,12.58
"1262","female",165.06,15.33
"1263","female",158.67,15.17
"1264","female",156.84,15.83
"1265","female",169.01,19
"1266","female",161.25,18.17
"1267","male",151,12.08
"1268","female",167.63,13.08
"1269","female",139.68,9.67
"1270","female",120.98,7.33
"1271","male",144.51,13.75
"1272","male",163.03,15.5
"1273","female",139.18,9.83
"1274","male",138.49,10.83
"1275","male",173.4,15.92
"1276","female",167.75,15.08
"1277","male",143.03,13.25
"1278","female",141.77,11.25
"1279","female",155.36,10.5
"1280","male",182.18,15.42
"1281","female",161.43,15.58
"1282","female",179.29,16.75
"1283","male",181.65,17.5
"1284","male",154.32,12.83
"1285","male",168.01,17.42
"1286","male",140.63,13.67
"1287","female",139.23,9.92
"1288","male",170.88,16.67
"1289","female",141.63,11.5
"1290","male",169.14,16.17
"1291","male",167.75,15.33
"1292","female",161.45,15
"1293","female",166.24,15.67
"1294","male",170.15,18.42
"1295","female",166.19,16.83
"1296","male",175.75,13.67
"1297","female",168.23,18.5
"1298","male",128.84,12.08
"1299","female",157.04,15.25
"1300","female",159.09,13.08
"1301","female",167.03,14.42
"1302","female",129.68,8.5
"1303","female",136.61,9.83
"1304","female",169.74,18.33
"1305","female",163.36,15.58
"1306","male",143.46,9.67
"1307","male",175.15,15
"1308","male",112.64,6.42
"1309","male",136.85,11.25
"1310","male",117.11,7.25
"1311","male",173.72,15.5
"1312","female",160.42,16.83
"1313","female",150.34,10.67
"1314","female",116.21,5.83
"1315","male",127.29,8.58
"1316","male",152.63,12.33
"1317","male",170.31,15.42
"1318","male",189.27,16.92
"1319","male",122.63,6.83
"1320","female",154.98,12.17
"1321","male",120.98,6.92
"1322","male",175.19,17
"1323","female",130.35,7.25
"1324","male",136.36,9.42
"1325","female",124.53,8.92
"1326","male",168.42,16.58
"1327","male",150.66,14
"1328","female",150.23,10
"1329","male",135.04,9.58
"1330","male",149.8,12.92
"1331","male",132.72,9.83
"1332","male",153.49,16.25
"1333","male",157.8,13.67
"1334","male",139.28,10.25
"1335","female",119.58,7.83
"1336","male",180.14,17
"1337","female",141.76,10.83
"1338","female",149.31,11.17
"1339","male",183.27,17.67
"1340","male",174.59,17
"1341","female",135.9,7.25
"1342","female",163.88,18.83
"1343","female",157.97,12.92
"1344","female",148.45,10.08
"1345","female",117.2,7.42
"1346","female",164.66,16.08
"1347","male",175.56,18.67
"1348","female",156.85,14.25
"1349","male",167.1,17
"1350","female",168.56,15.83
"1351","female",161.84,14
"1352","female",160.23,14.92
"1353","male",175.19,18.08
"1354","male",167.19,16.08
"1355","male",127.79,7.83
"1356","male",135.34,9.67
"1357","female",145.67,13.08
"1358","female",155.91,14.75
"1359","male",143.24,12.58
"1360","female",145.62,11.92
"1361","female",153.4,14.42
"1362","female",146.81,11.83
"1363","male",140.57,11.17
"1364","female",157.18,15
"1365","female",166.97,15.75
"1366","male",142.64,10.17
"1367","male",173.09,17.5
"1368","female",165.88,16.67
"1369","female",145.88,11.83
"1370","female",165.69,15
"1371","female",165.84,14.08
"1372","male",175.67,17.08
"1373","female",142.25,10.33
"1374","female",158.97,14.08
"1375","female",155.7,15.25
"1376","male",141.71,9.67
"1377","male",158.08,18.33
"1378","female",160.12,12.5
"1379","male",133.5,11.42
"1380","female",154.17,12.92
"1381","male",146.46,12.5
"1382","female",120.67,7.33
"1383","female",116.12,6.75
"1384","female",162.14,17.83
"1385","male",128.24,9
"1386","female",174.27,15.83
"1387","male",173.09,16.92
"1388","male",122.8,6.83
"1389","male",147.76,12.83
"1390","female",165.36,16.25
"1391","male",148.92,12.58
"1392","male",135.3,9.83
"1393","male",167.05,14
"1394","female",155.37,14.42
"1395","male",124.59,8.92
"1396","male",176.34,16.58
"1397","male",133.27,9.67
"1398","female",142.35,10.33
"1399","male",155.89,13.5
"1400","female",135.98,9.92
"1401","female",153.08,14
"1402","male",153.76,13.42
"1403","female",148.09,10.58
"1404","male",159.65,16.42
"1405","female",165.33,14.25
"1406","female",170.39,15.5
"1407","male",163.33,13.58
"1408","male",154.17,14
"1409","male",166.46,14.67
"1410","female",160.71,13.92
"1411","female",135.65,9.42
"1412","female",162.9,14.42
"1413","male",172.49,16.33
"1414","male",169.88,15.75
"1415","male",134.16,7.5
"1416","female",159.79,16.58
"1417","female",162.69,16.42
"1418","male",152.36,12.33
"1419","male",138.69,10.58
"1420","male",158.1,14.58
"1421","female",158.56,16.5
"1422","male",148.34,11.75
"1423","male",135,9.33
"1424","male",170.52,14.67
"1425","male",170.37,17.08
"1426","female",173,15.83
"1427","female",160.24,18.25
"1428","female",162.15,15.58
"1429","female",151.94,12.33
"1430","male",140.3,10.75
"1431","female",169.91,17.67
"1432","male",127.49,10.08
"1433","male",143.64,15.08
"1434","male",144.34,12.58
"1435","male",163.52,18.75
"1436","female",166.22,15.08
"1437","female",170.67,15.08
"1438","male",166.88,17.33
"1439","male",144.42,14.5
"1440","male",150.87,11.83
"1441","male",151.81,14.58
"1442","female",149.79,10.92
"1443","female",160.65,15.25
"1444","female",160.39,14.5
"1445","male",136.22,12.42
"1446","male",127.32,8.67
"1447","female",165.11,16.08
"1448","male",182.73,18.75
"1449","male",155.46,15.42
"1450","male",140.51,11.75
"1451","female",110.56,7.58
"1452","female",158.99,12.92
"1453","female",160.94,16.83
"1454","male",136.9,10.25
"1455","female",135.65,10.5
"1456","female",154.22,12.75
"1457","female",157.66,17.42
"1458","male",145.77,10.08
"1459","male",173.35,16.25
"1460","male",144.75,13.83
"1461","male",174.49,17.75
"1462","female",161.12,15.25
"1463","female",156.76,11.75
"1464","female",163.93,15.08
"1465","male",117.78,6
"1466","male",139.47,11.92
"1467","female",157.68,14.67
"1468","female",175.02,16.5
"1469","female",151.95,17.5
"1470","male",119.13,8.33
"1471","male",136.92,10.25
"1472","female",129.25,9.58
"1473","male",130.42,12.42
"1474","male",133.03,9.17
"1475","male",146.57,12.42
"1476","male",167.57,15.25
"1477","male",131.73,7.92
"1478","female",168.54,16.67
"1479","female",162.44,11.33
"1480","female",133.94,8.17
"1481","male",129.08,8.17
"1482","female",168.92,13.83
"1483","male",143.83,13.17
"1484","male",154.12,15.17
"1485","male",153.81,14
"1486","female",141.19,10.67
"1487","female",164.95,15.75
"1488","male",167.28,15.17
"1489","female",163.09,13.42
"1490","male",151.1,13.92
"1491","female",150.45,10.67
"1492","male",173.43,16.75
"1493","female",166.55,14.75
"1494","female",164.68,16.17
"1495","male",137.76,12.08
"1496","female",172.86,18.67
"1497","male",145.74,11.67
"1498","male",158.31,13.83
"1499","female",127.71,7.42
"1500","male",162.25,16.08
"1501","female",157.15,17.58
"1502","male",154.38,15.08
"1503","male",149.3,11.83
"1504","male",137.13,12.42
"1505","male",138.16,9.83
"1506","male",143.16,13.33
"1507","male",172.77,16.67
"1508","female",144.55,10.33
"1509","male",173.85,14.58
"1510","female",165.47,14.92
"1511","male",131.02,10.42
"1512","male",142.38,12.58
"1513","male",107.31,7.08
"1514","male",164.34,14.33
"1515","female",166.27,16.08
"1516","female",163.71,18.25
"1517","male",176.91,14.92
"1518","male",158.56,14.83
"1519","male",162.08,14.25
"1520","male",175.27,14.92
"1521","male",136.09,12.17
"1522","male",156.47,12.33
"1523","female",130.48,8.33
"1524","male",157.92,13.5
"1525","female",158.79,15.17
"1526","male",153.86,14
"1527","male",165.91,14.92
"1528","female",134.71,8.58
"1529","male",166.13,14.92
"1530","female",161.99,14.75
"1531","female",154.76,15.25
"1532","male",152.11,12.33
"1533","male",144.37,12.58
"1534","female",138.57,8.58
"1535","male",159.44,12.17
"1536","male",160.29,14.92
"1537","male",168.95,15.58
"1538","male",156.71,15.58
"1539","male",134.8,10.75
"1540","male",170.29,15.5
"1541","male",172.54,15.25
"1542","male",174.08,14.92
"1543","female",128.22,8.83
"1544","female",172.52,15.58
"1545","male",173.82,16.08
"1546","female",131.19,10.5
"1547","male",164.29,13.92
"1548","male",165.4,15
"1549","male",152.95,11.92
"1550","male",122.58,8.33
"1551","female",153.76,14.75
"1552","male",140.71,10.25
"1553","female",155.81,12.67
"1554","female",155.25,13.42
"1555","female",172.6,15.58
"1556","male",175.09,17.17
"1557","female",126.2,8.42
"1558","female",131.31,9.33
"1559","female",170.66,15.5
"1560","male",123.7,8.33
"1561","male",141.55,12.58
"1562","male",162.4,13.33
"1563","female",156.1,14.58
"1564","male",159.72,14.83
"1565","female",165.58,16.92
"1566","female",147.49,11.42
"1567","male",178.55,17.67
"1568","male",174.85,16.42
"1569","female",163,15.5
"1570","male",174.2,15.5
"1571","male",165.28,16.5
"1572","male",126.66,9
"1573","male",131.05,8.5
"1574","female",154.31,11.08
"1575","male",158.71,16.5
"1576","female",164.6,16.83
"1577","female",129.14,7.25
"1578","male",160.22,14.25
"1579","male",164.52,14.83
"1580","female",143.65,9.75
"1581","female",135.19,7.67
"1582","female",173.2,16.83
"1583","female",166.15,13.58
"1584","female",136.69,9.75
"1585","female",138.55,9.42
"1586","male",169.55,17.92
"1587","male",166.29,16.58
"1588","female",130.21,8.67
"1589","male",144.87,10.33
"1590","female",155.83,15.67
"1591","female",157.68,12.75
"1592","male",155.31,11.75
"1593","female",120.64,5.5
"1594","female",174.52,17.33
"1595","male",152.75,12.92
"1596","male",130.65,11.17
"1597","female",137.6,9.33
"1598","male",154.36,12.83
"1599","male",176.6,16.08
"1600","male",169.98,16.42
"1601","male",134.32,10.17
"1602","female",157.84,16.92
"1603","male",170.25,18
"1604","male",145.2,12.5
"1605","male",186.05,18.17
"1606","female",145.9,10.5
"1607","female",136.37,9.58
"1608","female",152.39,11.92
"1609","female",129.34,10.08
"1610","male",172.25,13.92
"1611","male",136.74,9.75
"1612","female",161.4,16.33
"1613","female",149.98,11.42
"1614","female",165.09,15.33
"1615","female",159.99,12.33
"1616","female",171.47,18.42
"1617","female",162.3,18
"1618","male",172.23,17.33
"1619","female",147.26,17.42
"1620","female",138.58,10
"1621","male",171.5,16.17
"1622","female",154.06,12.5
"1623","male",141.34,12.58
"1624","male",171.2,16.33
"1625","male",147.83,11.08
"1626","male",158.75,17.67
"1627","male",143.7,12
"1628","male",122.64,7.25
"1629","female",152.13,12.75
"1630","female",137.85,6.92
"1631","male",167.19,15.08
"1632","male",132.01,8.33
"1633","male",139.51,11.5
"1634","male",150.13,12.92
"1635","male",145.99,11.83
"1636","female",145.39,10.58
"1637","male",171.64,15.5
"1638","male",130.76,10.58
"1639","female",162.35,18.5
"1640","male",153.95,13.92
"1641","male",128.76,8.42
"1642","female",160.68,18.5
"1643","female",148.38,16.25
"1644","male",141.39,9.92
"1645","male",151.69,14.83
"1646","male",167.55,15.42
"1647","male",169.56,17.17
"1648","male",170.19,18.42
"1649","female",144.84,12.92
"1650","male",152.6,12
"1651","female",134.36,10.42
"1652","female",166.95,16.42
"1653","male",150.9,15
"1654","male",170.56,14.92
"1655","male",165.01,18
"1656","male",174.2,18
"1657","male",168.27,14.92
"1658","female",122.43,8.58
"1659","female",141.23,9.08
"1660","female",168.49,16.08
"1661","female",159.8,17.5
"1662","male",169.26,17.92
"1663","female",171.49,16.67
"1664","male",152.08,11.67
"1665","male",112.4,5.83
"1666","female",160.53,17.92
"1667","female",158.52,11.25
"1668","male",132.36,10
"1669","female",136.47,9
"1670","female",153.48,16.33
"1671","female",118.55,9.25
"1672","male",155.2,12.83
"1673","female",124.92,6.25
"1674","male",169.89,16.75
"1675","male",146.63,11.25
"1676","female",151.75,12.92
"1677","male",121.68,7.42
"1678","male",118.51,6.42
"1679","male",134.91,12.42
"1680","male",170.44,14.67
"1681","male",182.52,16.92
"1682","female",132.17,8
"1683","female",140.01,10.75
"1684","male",116.26,9.25
"1685","male",169.47,16.58
"1686","male",159.07,15.5
"1687","female",171.02,15.08
"1688","female",170.34,14.25
"1689","female",161.51,17.17
"1690","female",160.93,13.67
"1691","male",161.31,14.67
"1692","female",156.5,18.42
"1693","female",167.46,16.33
"1694","female",124.59,7.67
"1695","female",170.81,17.67
"1696","female",145.62,10
"1697","female",166.16,13.75
"1698","male",173.56,17
"1699","female",140.64,10.58
"1700","female",170.06,17
"1701","male",124.91,7.17
"1702","male",162.39,16.08
"1703","male",149.87,10.92
"1704","male",135.43,10.83
"1705","male",155.31,13.42
"1706","female",150.37,13.67
"1707","female",152.3,12.17
"1708","female",126.44,8.5
"1709","female",122.58,7.75
"1710","male",166.97,15
"1711","female",145.89,12.92
"1712","female",157.75,16.83
"1713","female",148,9.17
"1714","female",166.59,15.33
"1715","male",152.28,12.08
"1716","male",161.48,16.08
"1717","male",138.35,10.58
"1718","female",163.21,13
"1719","male",177.07,17
"1720","female",163.72,17.33
"1721","female",163.81,16.5
"1722","female",162.37,14.08
"1723","female",154.58,12.83
"1724","female",152.69,12.42
"1725","female",169.91,17
"1726","female",120.27,6.58
"1727","male",172.48,16.75
"1728","female",155.73,13.67
"1729","female",172.92,13
"1730","male",143.38,13.42
"1731","female",156.42,15
"1732","female",136.95,9.67
"1733","female",157.41,13.5
"1734","male",133.33,8.67
"1735","male",146.45,11.75
"1736","female",165.4,17.67
"1737","female",156.24,13.83
"1738","female",161.39,16.17
"1739","male",166.49,15.25
"1740","female",141.5,11.75
"1741","male",174.46,16.75
"1742","female",163.66,18.5
"1743","female",153.58,15.25
"1744","male",130.05,10.67
"1745","male",145.27,12.83
"1746","male",132.12,9.08
"1747","female",157.6,14.75
"1748","female",167.01,14.92
"1749","male",140.94,8.67
"1750","male",136.51,9.33
"1751","male",174.02,14.25
"1752","male",157.24,13.92
"1753","male",159.74,15.58
"1754","male",136.74,11.92
"1755","male",171.06,18.17
"1756","female",147.99,11.5
"1757","female",159.43,18
"1758","female",153.93,14.58
"1759","female",155.89,13.33
"1760","female",153.31,10.5
"1761","male",137.33,11.08
"1762","female",160.89,11.33
"1763","female",116.89,7.67
"1764","female",164.57,15.83
"1765","female",151.24,10.25
"1766","female",156.22,14.42
"1767","female",130.82,9.17
"1768","male",133.59,10.17
"1769","female",164.2,16.33
"1770","male",179.11,15.42
"1771","male",156.96,15.75
"1772","male",171.75,15.42
"1773","male",149.25,11.83
"1774","male",171.45,15.08
"1775","female",163.42,17.17
"1776","male",143.09,10.08
"1777","male",143.97,10.08
"1778","female",166.68,15.08
"1779","male",169.48,18.83
"1780","male",130.3,7.83
"1781","female",144.58,11.5
"1782","male",149.86,11.83
"1783","male",162.96,13.25
"1784","male",172.35,16.17
"1785","female",131.25,9.75
"1786","female",156.56,15.08
"1787","male",177.67,15.92
"1788","male",114.62,6.67
"1789","female",155.82,15.33
"1790","female",153.38,15
"1791","male",128.18,9.83
"1792","female",144.96,11.17
"1793","female",146.76,12.33
"1794","male",137.32,11.33
"1795","female",151.02,14
"1796","male",180.11,16
"1797","male",146.9,12.25
"1798","female",170.39,16.25
"1799","female",151.33,12.83
"1800","male",143.15,12.17
"1801","male",176.98,18.5
"1802","male",147.31,10.75
"1803","male",163,15.5
"1804","female",159.4,14.67
"1805","female",147.28,10.75
"1806","female",149.13,14
"1807","male",158.36,15
"1808","female",159.1,13.92
"1809","male",137.57,9.83
"1810","female",158.65,17.58
"1811","female",149.49,11.25
"1812","male",120.8,6.25
"1813","female",162.25,16.58
"1814","male",162.72,14.75
"1815","female",150.65,11.42
"1816","female",161.7,17
"1817","male",159.07,15.08
"1818","male",150.38,12.17
"1819","female",156.25,16
"1820","male",130.53,8.58
"1821","male",144.22,12.75
"1822","female",162.1,14.08
"1823","female",126.18,7.08
"1824","female",151.67,13.08
"1825","female",130.44,6.83
"1826","female",138.47,9.75
"1827","female",169.12,18.25
"1828","female",136.53,10.83
"1829","female",169.78,14.83
"1830","male",172.72,15.25
"1831","female",151.57,14.75
"1832","female",159.07,15.5
"1833","male",125.18,8.33
"1834","female",157.59,17.17
"1835","male",177.52,17.67
"1836","female",168.78,16
"1837","male",137.39,10.17
"1838","female",168.49,18.5
"1839","male",147.39,12.58
"1840","male",156.91,13.42
"1841","male",157.86,15.33
"1842","male",138.65,9.92
"1843","male",160.85,14.83
"1844","female",154.44,18.33
"1845","female",164.15,14.92
"1846","male",132.91,10.08
"1847","male",163.68,15.33
"1848","female",148.61,9.42
"1849","female",120.79,7.33
"1850","male",166.64,16.08
"1851","female",135.73,8.25
"1852","male",140.58,11.75
"1853","female",165.18,13.08
"1854","female",153.62,12.58
"1855","male",166.42,16.92
"1856","female",138.74,11.17
"1857","female",152.9,14.92
"1858","male",142.52,13.5
"1859","male",153.63,12.67
"1860","male",141.17,10.08
"1861","female",171.31,13.92
"1862","female",170.59,16.42
"1863","male",151.25,14.25
"1864","female",162.55,14.08
"1865","male",143.49,12.67
"1866","female",161.7,16.33
"1867","male",169.36,14.92
"1868","female",157.67,13.33
"1869","female",134.36,6.5
"1870","male",176.42,16.42
"1871","male",173.48,16.67
"1872","female",145.94,12.58
"1873","male",153.53,14.17
"1874","male",185.23,15.58
"1875","male",144.11,14.17
"1876","male",153.65,17.42
"1877","female",162.81,12.67
"1878","male",174.95,17.5
"1879","male",136,9.83
"1880","male",141.48,11.08
"1881","female",171.58,16.42
"1882","male",134.49,10.75
"1883","female",147.5,12.83
"1884","female",170.06,15.33
"1885","female",166.15,14.5
"1886","male",121.77,7.42
"1887","female",143.13,12.08
"1888","male",165.32,16.5
"1889","male",154.78,11.92
"1890","female",155.23,14.67
"1891","male",146.06,13.83
"1892","female",170.74,15.75
"1893","female",136.79,9.83
"1894","male",130.92,10
"1895","female",153.09,11.75
"1896","male",154.9,15
"1897","male",153.25,12.25
"1898","male",140.75,12.83
"1899","male",161.17,15.75
"1900","female",140.74,10.5
"1901","female",152.74,13.67
"1902","male",158.2,15.25
"1903","male",168.07,16.17
"1904","female",158.16,18.17
"1905","female",160.45,17.17
"1906","male",145.53,12.08
"1907","male",129.79,10.67
"1908","male",129.59,9.5
"1909","male",175.17,15.25
"1910","male",150.09,14.33
"1911","female",117.38,6.08
"1912","female",130.33,6.33
"1913","female",166.87,18.42
"1914","female",153.46,12.17
"1915","female",133.4,9.33
"1916","female",160.99,14
"1917","male",153.9,13.92
"1918","female",162.47,16.83
"1919","male",166.02,13.92
"1920","male",140.51,11.5
"1921","male",135.79,10.33
"1922","male",127.48,9.33
"1923","male",137.39,9.42
"1924","male",141.85,9.83
"1925","female",158.19,16.75
"1926","female",130.6,8.42
"1927","female",115.07,5.83
"1928","male",144.03,11
"1929","female",139.39,10.67
"1930","male",167.1,16.25
"1931","male",155.63,15.83
"1932","female",165.84,15.08
"1933","male",152.96,13.92
"1934","male",170.35,17.08
"1935","female",163.79,17.42
"1936","female",152.37,10.5
"1937","female",131.55,7.25
"1938","female",163.77,15.75
"1939","female",164.33,17
"1940","female",153.98,11.17
"1941","male",147.34,14.75
"1942","male",178.78,18.25
"1943","male",174.1,16.17
"1944","male",168.02,15.17
"1945","male",131.73,9.67
"1946","male",162.38,15.08
"1947","female",145.21,12.17
"1948","male",156.18,14
"1949","male",142.33,11.75
"1950","female",143.97,11
"1951","male",162.46,18.08
"1952","female",137.25,7.75
"1953","male",142.95,10.75
"1954","female",162.22,12.83
"1955","male",161.53,14.92
"1956","female",127.87,7.83
"1957","male",161.68,15.25
"1958","female",170.43,16.25
"1959","female",167.67,16.58
"1960","female",125.98,7.92
"1961","female",124.02,8.08
"1962","female",162.62,13.67
"1963","female",154.25,14.67
"1964","female",167.11,15.08
"1965","male",139.07,10.08
"1966","female",164.52,15.75
"1967","male",165.44,17.33
"1968","male",146.45,11.75
"1969","male",145.28,12.17
"1970","female",160.92,12.83
"1971","female",127.29,7.83
"1972","male",170.8,18.08
"1973","male",138.39,10.67
"1974","male",154.69,14.25
"1975","male",185.89,15.83
"1976","male",159.05,15.25
"1977","female",146.52,10.42
"1978","female",162.32,15.5
"1979","male",141.45,11.83
"1980","male",177.09,14.33
"1981","male",163.87,14.83
"1982","female",163.45,13.08
"1983","male",160.36,13.17
"1984","female",142.5,10.92
"1985","female",144.7,10.5
"1986","male",142.27,12.92
"1987","male",147.49,12.42
"1988","female",165.64,14.42
"1989","female",140.4,12.5
"1990","female",165.22,16.92
"1991","male",148.84,9.83
"1992","female",158.82,14.75
"1993","male",135.47,10
"1994","male",151.55,14.08
"1995","male",142.37,11.08
"1996","male",141.96,9.67
"1997","male",141.66,11.92
"1998","female",163.41,13
"1999","male",154.74,14.58
"2000","male",182.38,17.08
"2001","female",172.01,14.5
"2002","male",146.6,10.08
"2003","female",151.83,12.67
"2004","male",169.36,15
"2005","male",169.29,15.92
"2006","male",137.4,10.5
"2007","male",151.74,13
"2008","female",166.38,17.58
"2009","male",170.04,14.83
"2010","male",176.11,15.25
"2011","male",146.87,12.5
"2012","male",135.25,10.33
"2013","male",162.02,15.08
"2014","male",130.6,9
"2015","female",166.63,17.5
"2016","female",172.86,17.25
"2017","male",155.12,12.67
"2018","female",149.8,16.5
"2019","male",167.37,17.58
"2020","male",109.86,6.25
"2021","female",168.5,14
"2022","female",151.08,11.33
"2023","female",161.35,13.75
"2024","female",156.65,16.67
"2025","female",127.25,10
"2026","male",146.48,11.42
"2027","female",154.85,12.17
"2028","female",156.1,13.33
"2029","male",132.7,10.17
"2030","female",146.69,10.75
"2031","female",158.15,12.17
"2032","female",164.45,15.75
"2033","female",137.18,8.58
"2034","male",118.89,12
"2035","male",176.58,17.75
"2036","male",155.13,13.92
"2037","male",167.85,15.42
"2038","female",160.53,15
"2039","female",137.32,9.08
"2040","female",130.68,10
"2041","female",163.97,16.5
"2042","female",159.44,17.33
"2043","male",116.43,8.42
"2044","male",154.04,15
"2045","female",115.91,7.42
"2046","male",177.96,15.17
"2047","female",157.74,18.58
"2048","male",131.17,8.25
"2049","female",129.32,9.83
"2050","male",164.83,15.58
"2051","female",163.05,14.92
"2052","female",159.44,11.33
"2053","female",161.16,14.83
"2054","male",175.52,17.75
"2055","female",159.59,15.08
"2056","male",174.61,15.08
"2057","female",163.35,17.17
"2058","male",175.76,16.5
"2059","male",166.1,16.58
"2060","female",159.84,13.75
"2061","female",158.09,16.67
"2062","male",176.59,16.25
"2063","female",157.39,13
"2064","female",156.89,16.25
"2065","male",138.91,8.92
"2066","male",159.39,14.92
"2067","male",166.34,16
"2068","male",133.17,8.92
"2069","female",143.45,12.33
"2070","male",151.88,14
"2071","female",154.26,13.67
"2072","male",166.11,15.75
"2073","male",151.99,12.92
"2074","male",178.01,18.75
"2075","male",140.68,11.33
"2076","female",167.65,18
"2077","female",161.52,13.67
"2078","male",134.72,10.42
"2079","male",164.04,15.92
"2080","male",161.07,16
"2081","female",128.6,8.58
"2082","male",138.66,10.5
"2083","male",165.81,16.5
"2084","male",132.24,11
"2085","female",132.51,6.75
"2086","female",147.65,10.17
"2087","male",172.56,18
"2088","male",165.93,15.08
"2089","female",158.24,16.08
"2090","male",145.07,12.25
"2091","female",162.67,14.42
"2092","female",150.09,12.42
"2093","female",148.54,13.17
"2094","female",155.56,13.42
"2095","male",163.56,14.58
"2096","male",176.35,17
"2097","male",129.51,8.08
"2098","male",147.99,12.67
"2099","female",155.37,17.17
"2100","male",137.45,10.08
"2101","female",164.57,17.67
"2102","male",157.34,13.67
"2103","male",153.24,13.92
"2104","female",140.18,10.75
"2105","female",133.44,7.92
"2106","male",169.07,17.33
"2107","male",126.32,8
"2108","male",147.82,11.83
"2109","male",132.18,9.75
"2110","male",164.61,13.67
"2111","male",144.06,12.5
"2112","male",148.04,11.33
"2113","female",157.61,16.08
"2114","male",138.25,10.92
"2115","female",155.16,12.17
"2116","male",136.03,9.75
"2117","male",167.78,18
"2118","female",163.93,14.33
"2119","male",153.33,12.33
"2120","female",158.53,16.25
"2121","male",173.43,15.42
"2122","male",149.64,14.83
"2123","female",162.02,17.83
"2124","female",115.14,7.17
"2125","male",132.76,10.25
"2126","male",147.82,13.92
"2127","female",161.28,17.33
"2128","female",147.24,9.92
"2129","male",139.68,11.83
"2130","male",152.76,12.75
"2131","male",174.89,17
"2132","female",151.83,14.92
"2133","male",141.83,9.67
"2134","male",134.66,8.33
"2135","male",130.69,10.25
"2136","male",135.75,11.5
"2137","female",147.65,10.17
"2138","male",157.27,14.42
"2139","male",148.47,14
"2140","female",158.66,14.67
"2141","male",157.53,14.67
"2142","male",135.57,10
"2143","male",132.2,10.17
"2144","male",150.51,12.08
"2145","male",166.64,17
"2146","female",160.66,15.33
"2147","female",144.25,11
"2148","female",172.03,15.08
"2149","female",140.01,10.17
"2150","female",160.15,12.67
"2151","male",162.12,16
"2152","female",155.56,14.58
"2153","female",160.75,14.58
"2154","male",148.06,12.42
"2155","male",145.18,12.17
"2156","male",146.6,9.83
"2157","female",173.71,17.17
"2158","female",132.21,9.25
"2159","female",157.09,15.58
"2160","male",157.17,15.25
"2161","male",171.89,16.25
"2162","female",164.52,16.17
"2163","female",147.9,12.5
"2164","female",165.36,16.08
"2165","male",143.84,12
"2166","female",156.12,15.75
"2167","female",163.13,16.17
"2168","male",130.49,8.33
"2169","male",139.05,11.92
"2170","male",173.04,15.58
"2171","male",167.82,14.42
"2172","male",155.92,14.83
"2173","female",162.38,15.58
"2174","female",167.98,16.33
"2175","male",147.01,15.33
"2176","female",171.37,15.67
"2177","female",156.92,15.5
"2178","male",145.85,12.58
"2179","male",142.52,12.08
"2180","male",155.53,12.67
"2181","female",175.59,16.42
"2182","female",150.35,14.5
"2183","female",171.78,13.92
"2184","male",172.27,16.17
"2185","male",166.11,17.17
"2186","male",135.26,10
"2187","male",162.87,14.58
"2188","male",150.41,14.17
"2189","male",141.79,13.5
"2190","male",143.91,10.67
"2191","female",121.26,8.83
"2192","female",164.67,15.25
"2193","male",181.39,18.25
"2194","male",152.17,10.25
"2195","female",140.14,10.25
"2196","female",116.54,6.75
"2197","male",169.12,16.92
"2198","male",118.94,7.5
"2199","male",182.19,14.33
"2200","female",164.15,13.42
"2201","male",139.33,10.08
"2202","male",173.67,18
"2203","female",161.96,18.92
"2204","female",122.16,6.5
"2205","male",143.09,9.42
"2206","female",156.92,12.08
"2207","male",142.98,12
"2208","male",159.94,15.42
"2209","male",142.71,10.17
"2210","male",136.03,12.33
"2211","male",157.21,13.67
"2212","male",162.44,14.42
"2213","female",148.67,13
"2214","female",173.07,15.92
"2215","female",155.71,12.58
"2216","female",172.21,17.83
"2217","female",143.6,8.67
"2218","male",129.91,9.83
"2219","male",143.52,12.33
"2220","female",161.41,15.83
"2221","female",158.02,14.83
"2222","female",156.38,14.83
"2223","male",161.25,12.75
"2224","female",153.7,16.08
"2225","female",159.63,12.75
"2226","male",143.32,10.33
"2227","female",164.13,14.25
"2228","female",169.7,16.67
"2229","female",156.2,12.75
"2230","female",148.06,10.67
"2231","male",146.26,11.42
"2232","male",177.87,16.17
"2233","female",133.17,8.17
"2234","male",165.24,14.17
"2235","female",160.32,12.75
"2236","female",139.78,9.33
"2237","female",124.3,8.75
"2238","male",129.04,8.08
"2239","female",160.07,14.42
"2240","male",171.11,17.58
"2241","male",156.39,14.25
"2242","female",157.36,15.58
"2243","female",119.05,7.08
"2244","male",180.79,16.92
"2245","male",125.86,9.75
"2246","male",171.36,16.75
"2247","female",154.88,12.92
"2248","female",172.13,14.08
"2249","male",172.26,16.17
"2250","female",172.09,16.67
"2251","female",157.08,16.08
"2252","female",163.72,16.67
"2253","male",114.42,7.5
"2254","female",134.48,9.08
"2255","male",170.62,16.75
"2256","female",137.49,9.33
"2257","male",178.15,17.17
"2258","female",147.06,10.58
"2259","male",170.59,16
"2260","male",169.71,17.17
"2261","female",154.37,12.75
"2262","male",127.28,9.75
"2263","female",151.86,12
"2264","male",171.57,17
"2265","male",148.65,11.17
"2266","male",113.18,7.08
"2267","male",155.56,13.33
"2268","male",146.36,10.75
"2269","female",143.12,11.33
"2270","female",164.64,16.17
"2271","male",179.76,14.83
"2272","female",141.32,10.25
"2273","male",135.86,9.58
"2274","male",175.81,17.5
"2275","female",132.88,9.08
"2276","male",167.26,15.08
"2277","male",123.62,7.42
"2278","male",120.44,6.92
"2279","male",143.76,10.17
"2280","male",165.82,17.67
"2281","male",159.37,14.33
"2282","female",163.8,15.5
"2283","female",164.86,15.17
"2284","male",148.93,12
"2285","male",148.2,12
"2286","female",157.04,15.33
"2287","female",125.01,6.92
"2288","female",122.97,6.75
"2289","female",164.83,15.75
"2290","male",173.41,16.92
"2291","male",162.99,16.17
"2292","male",173.01,18
"2293","male",145.37,12.83
"2294","male",171.71,16.25
"2295","female",118.8,6.83
"2296","male",178.98,16.92
"2297","male",173.21,15.58
"2298","female",166.79,16.17
"2299","female",150.59,10.75
"2300","female",164.89,12.67
"2301","female",128.68,8.5
"2302","female",147.18,12.5
"2303","male",160.88,16.08
"2304","male",138.31,10.92
"2305","male",133.03,9.67
"2306","male",165.89,16.08
"2307","male",126.22,9.75
"2308","male",125.66,10.83
"2309","female",157.08,16.5
"2310","female",160.9,15.25
"2311","female",163.98,16.25
"2312","male",169.23,18.08
"2313","female",160.12,14
"2314","male",147.13,10.08
"2315","female",131.52,8.17
"2316","male",135.3,11.33
"2317","female",157.21,17.75
"2318","female",154.94,11.25
"2319","female",165.36,13.75
"2320","male",173.51,17
"2321","female",151.53,13.42
"2322","female",162.15,12.17
"2323","female",165.33,18.42
"2324","male",175.03,15
"2325","male",141.15,10.42
"2326","male",119.3,7.83
"2327","female",149.91,12.83
"2328","male",168.94,18.17
"2329","male",181.8,18.92
"2330","male",151.18,12.75
"2331","male",139.96,11.5
"2332","female",157.56,13.75
"2333","male",176.84,18.33
"2334","male",173.97,17.75
"2335","female",149.88,11.75
"2336","male",156.37,15.42
"2337","female",160.86,18.33
"2338","female",165.6,14.92
"2339","female",135.54,8.5
"2340","male",135.16,10.17
"2341","female",146.18,10.08
"2342","male",153.76,15
"2343","female",161.01,14.58
"2344","male",130.4,11.33
"2345","female",158.74,18
"2346","male",130.04,9.75
"2347","male",124.87,8.42
"2348","male",129.73,8.33
"2349","female",161.53,14.5
"2350","male",167.46,14.08
"2351","female",161.79,16.33
"2352","female",129.11,8.42
"2353","male",122.96,8.17
"2354","female",159.21,14
"2355","male",168.65,14.17
"2356","female",163.54,16
"2357","female",166.08,15.58
"2358","male",172.67,17.08
"2359","male",140.09,11
"2360","female",146.72,11.5
"2361","male",173.01,14.92
"2362","male",172,17.92
"2363","female",150.12,11
"2364","male",173.92,15.75
"2365","male",137.42,9.17
"2366","female",168.87,18.17
"2367","male",123.73,9.67
"2368","male",174.35,16.58
"2369","male",123.24,7.08
"2370","male",153.15,14.42
"2371","male",175.12,15.75
"2372","male",165.2,14.75
"2373","female",153.07,13.75
"2374","male",144.38,10.42
"2375","male",157.67,15
"2376","female",167.78,18.75
"2377","male",161.82,14.67
"2378","male",147.84,13.5
"2379","female",163.48,12.58
"2380","female",130.31,6.92
"2381","female",116.7,6.58
"2382","female",160,13.58
"2383","male",121.21,7.75
"2384","male",172.13,15.67
"2385","male",168.69,16.67
"2386","male",143.44,10.92
"2387","male",126.33,8.92
"2388","male",173.56,17.33
"2389","male",135.03,10.33
"2390","male",167.09,15.42
"2391","male",135.61,10.58
"2392","female",161.88,18
"2393","female",120.88,6.42
"2394","male",138,9
"2395","female",166.68,15.58
"2396","female",162.09,12.92
"2397","female",131.26,8.83
"2398","female",139.07,9.83
"2399","female",139.21,10
"2400","female",139.98,10.33
"2401","male",153.89,13.42
"2402","male",176.25,16.92
"2403","female",165.53,14.5
"2404","male",162.74,12.67
"2405","male",168.22,16
"2406","male",169.41,14.58
"2407","male",159.2,14.42
"2408","female",166.34,15.92
"2409","male",159.41,15.25
"2410","female",165.51,15.42
"2411","male",173.05,16.58
"2412","male",156.56,13.25
"2413","male",164.7,14.58
"2414","female",123.68,9.83
"2415","female",172.04,14.42
"2416","male",156.51,14.25
"2417","male",167.94,15.25
"2418","male",142.12,10.67
"2419","male",168.44,13.42
"2420","female",164.61,16.83
"2421","female",146.66,11.92
"2422","female",162.48,14.75
"2423","female",134.51,9.08
"2424","male",110.28,6
"2425","male",140.47,12.17
"2426","female",149.99,13.67
"2427","female",163.91,15.92
"2428","female",158.64,12.83
"2429","male",171.33,17.42
"2430","male",148.98,14.33
"2431","female",166.2,16.5
"2432","female",136.93,9.08
"2433","male",135.24,9.08
"2434","female",151.37,14.08
"2435","female",168.67,16.58
"2436","female",165.73,16.08
"2437","male",174.3,15.42
"2438","male",136.94,10.08
"2439","female",129.23,7
"2440","male",114.77,6.92
"2441","male",132.06,9.5
"2442","female",142.29,10.25
"2443","male",138.9,13.5
"2444","male",155.79,13.92
"2445","male",146.32,12.17
"2446","female",162.94,15.92
"2447","female",133.05,9.58
"2448","female",142.49,11
"2449","female",150.91,15.5
"2450","male",127.72,8.08
"2451","male",169.47,13.42
"2452","female",132.32,9.83
"2453","male",130.06,9.67
"2454","male",145.81,11
"2455","male",164.96,17.58
"2456","female",153.28,12.83
"2457","male",130.35,8.92
"2458","male",169.98,18
"2459","female",147.78,17
"2460","female",169.85,17
"2461","male",112.17,6
"2462","female",167.64,18.25
"2463","female",135.91,9.42
"2464","male",148.65,12.92
"2465","male",160.6,14.08
"2466","female",119.47,6.83
"2467","male",142.24,11.5
"2468","female",174.8,15.42
"2469","male",177.32,18.92
"2470","female",138.72,9.83
"2471","male",149.52,11.83
"2472","female",124.56,6.92
"2473","female",153.17,10.5
"2474","male",126.05,8.08
"2475","male",134.82,10.17
"2476","female",168.2,14.42
"2477","male",124.86,7.92
"2478","male",162.42,13.92
"2479","female",110.19,6.58
"2480","male",137.43,11.17
"2481","male",158.72,14.25
"2482","male",157.84,14.17
"2483","male",167.68,14
"2484","male",167.29,18
"2485","male",159.79,17.08
"2486","male",153.6,13.5
"2487","male",139.86,11.33
"2488","male",161.69,18.33
"2489","female",158.79,14.75
"2490","male",161.43,14.17
"2491","female",152.68,11.25
"2492","female",154.5,12.75
"2493","male",170.46,16.25
"2494","female",169.18,14.08
"2495","female",151.41,14.75
"2496","female",155.65,13.08
"2497","female",157.48,13.5
"2498","male",138.59,11.83
"2499","female",131.14,8.25
"2500","male",179.29,18.58
